[
  {
    "url_name": "thelunatics",
    "name": "The lunatics",
    "banner": "dist/images/artists/artistbanner1.jpg",
    "image": "dist/images/artists/artist1.jpg",
    "genre": [
      "Pop",
      "Rock",
      "Folk"
    ],
    "about": "Great music inspired by early electronic sounds, combining the symphony of classical instruments and complete surrounding",
    "songs": [
      {
        "image": "dist/images/songs/song1.jpg",
        "url": "http://ccmixter.org/content/snowflake/snowflake_-_I_Miss_You.mp3",
        "displayName": "The lunatics - Come Together",
        "type": "audio/mpeg"
      },
      {
        "image": "dist/images/songs/song2.jpg",
        "url": "http://ccmixter.org/content/admiralbob77/admiralbob77_-_The_Remixin_Blues_2.mp3",
        "displayName": "The lunatics - Drive my car",
        "type": "audio/mpeg"
      },
      {
        "image": "dist/images/songs/song3.jpg",
        "url": "http://ccmixter.org/content/unreal_dm/unreal_dm_-_Recycle_This.mp3",
        "displayName": "The lunatics - Loser",
        "type": "audio/mpeg"
      },
      {
        "image": "dist/images/songs/song4.jpg",
        "url": "http://ccmixter.org/content/snowflake/snowflake_-_I_Miss_You.mp3",
        "displayName": "The lunatics - All my loving",
        "type": "audio/mpeg"
      },
      {
        "image": "dist/images/songs/song5.jpg",
        "url": "http://ccmixter.org/content/admiralbob77/admiralbob77_-_The_Remixin_Blues_2.mp3",
        "displayName": "The lunatics - Taxman",
        "type": "audio/mpeg"
      },
      {
        "image": "dist/images/songs/song6.jpg",
        "url": "http://ccmixter.org/content/unreal_dm/unreal_dm_-_Recycle_This.mp3",
        "displayName": "The lunatics - Tonight we do",
        "type": "audio/mpeg"
      }
    ]
  },
  {
    "url_name": "lafiestanegra",
    "name": "La fiesta negra",
    "banner": "dist/images/artists/artistbanner2.jpg",
    "image": "dist/images/artists/artist2.jpg",
    "genre": [
      "New age",
      "Celtic",
      "World"
    ],
    "about": "Great music inspired by early electronic sounds, combining the symphony of classical instruments and complete surrounding",
    "songs": [
          {
            "image": "dist/images/songs/song1.jpg",
            "url": "http://ccmixter.org/content/snowflake/snowflake_-_I_Miss_You.mp3",
            "displayName": "La fiesta negra - Come Together",
            "type": "audio/mpeg"
          },
          {
            "image": "dist/images/songs/song2.jpg",
            "url": "http://ccmixter.org/content/admiralbob77/admiralbob77_-_The_Remixin_Blues_2.mp3",
            "displayName": "La fiesta negra - Drive my car",
            "type": "audio/mpeg"
          },
          {
            "image": "dist/images/songs/song3.jpg",
            "url": "http://ccmixter.org/content/unreal_dm/unreal_dm_-_Recycle_This.mp3",
            "displayName": "La fiesta negra - Loser",
            "type": "audio/mpeg"
          },
          {
            "image": "dist/images/songs/song4.jpg",
            "url": "http://ccmixter.org/content/snowflake/snowflake_-_I_Miss_You.mp3",
            "displayName": "La fiesta negra - All my loving",
            "type": "audio/mpeg"
          },
          {
            "image": "dist/images/songs/song5.jpg",
            "url": "http://ccmixter.org/content/unreal_dm/unreal_dm_-_Recycle_This.mp3",
            "displayName": "La fiesta negra - Taxman",
            "type": "audio/mpeg"
          },
          {
            "image": "dist/images/songs/song6.jpg",
            "url": "http://ccmixter.org/content/snowflake/snowflake_-_I_Miss_You.mp3",
            "displayName": "La fiesta negra - Tonight we do",
            "type": "audio/mpeg"
          },
          {
            "image": "dist/images/songs/song7.jpg",
            "url": "http://ccmixter.org/content/admiralbob77/admiralbob77_-_The_Remixin_Blues_2.mp3",
            "displayName": "La fiesta negra - Revolver",
            "type": "audio/mpeg"
          }
        ]
  },
  {
    "url_name": "kingofthemood",
    "name": "King of the mood",
    "banner": "dist/images/artists/artistbanner3.jpg",
    "image": "dist/images/artists/artist3.jpg",
    "genre": [
      "Pop",
      "Rock",
      "Folk"
    ],
    "about": "Great music inspired by early electronic sounds, combining the symphony of classical instruments and complete surrounding",
    "songs": [
          {
            "image": "dist/images/songs/song1.jpg",
            "url": "http://ccmixter.org/content/snowflake/snowflake_-_I_Miss_You.mp3",
            "displayName": "King of the mood - Come Together",
            "type": "audio/mpeg"
          },
          {
            "image": "dist/images/songs/song2.jpg",
            "url": "http://ccmixter.org/content/admiralbob77/admiralbob77_-_The_Remixin_Blues_2.mp3",
            "displayName": "King of the mood - Drive my car",
            "type": "audio/mpeg"
          },
          {
            "image": "dist/images/songs/song3.jpg",
            "url": "http://ccmixter.org/content/unreal_dm/unreal_dm_-_Recycle_This.mp3",
            "displayName": "King of the mood - Loser",
            "type": "audio/mpeg"
          },
          {
            "image": "dist/images/songs/song4.jpg",
            "url": "http://ccmixter.org/content/snowflake/snowflake_-_I_Miss_You.mp3",
            "displayName": "King of the mood - All my loving",
            "type": "audio/mpeg"
          },
          {
            "image": "dist/images/songs/song5.jpg",
            "url": "http://ccmixter.org/content/unreal_dm/unreal_dm_-_Recycle_This.mp3",
            "displayName": "King of the mood - Taxman",
            "type": "audio/mpeg"
          },
          {
            "image": "dist/images/songs/song6.jpg",
            "url": "http://ccmixter.org/content/snowflake/snowflake_-_I_Miss_You.mp3",
            "displayName": "King of the mood - Tonight we do",
            "type": "audio/mpeg"
          },
          {
            "image": "dist/images/songs/song7.jpg",
            "url": "http://ccmixter.org/content/admiralbob77/admiralbob77_-_The_Remixin_Blues_2.mp3",
            "displayName": "King of the mood - Revolver",
            "type": "audio/mpeg"
          },
          {
            "image": "dist/images/songs/song8.jpg",
            "url": "http://ccmixter.org/content/unreal_dm/unreal_dm_-_Recycle_This.mp3",
            "displayName": "King of the mood - Here comes the sun",
            "type": "audio/mpeg"
          }
        ]
  }
]