[
  {
    "url_name": "kingofthemood",
    "name": "Mood",
    "icon": "musicicon-acoustic4",
    "image" : "dist/images/genres/genre1.jpg"
  },
  {
    "url_name": "kingofthemood",
    "name": "Country",
    "icon": "musicicon-cornet3",
    "image" : "dist/images/genres/genre2.jpg"
  },
  {
    "url_name": "kingofthemood",
    "name": "House",
    "icon": "musicicon-dj4",
    "image" : "dist/images/genres/genre3.jpg"
  },
  {
    "url_name": "kingofthemood",
    "name": "Jazz",
    "icon": "musicicon-saxophone8",
    "image" : "dist/images/genres/genre4.jpg"
  },
  {
    "url_name": "kingofthemood",
    "name": "Groovy",
    "icon": "musicicon-bass4",
    "image" : "dist/images/genres/genre5.jpg"
  },
  {
    "url_name": "kingofthemood",
    "name": "Classic",
    "icon": "musicicon-music201",
    "image" : "dist/images/genres/genre6.jpg"
  },
  {
    "url_name": "kingofthemood",
    "name": "Zone",
    "icon": "musicicon-loudspeaker8",
    "image" : "dist/images/genres/genre7.jpg"
  },
  {
    "url_name": "kingofthemood",
    "name": "Radio",
    "icon": "musicicon-radio43",
    "image" : "dist/images/genres/genre8.jpg"
  },
  {
    "url_name": "kingofthemood",
    "name": "Percussion",
    "icon": "musicicon-cymbals2",
    "image" : "dist/images/genres/genre9.jpg"
  }
]